Team,Season,GP,W,L,T,OT,P,ROW,P%,GF,GA,S/O Wins,GF/GP,GA/GP,PP%,PK%,Shots/GP,SA/GP,FOW%
Detroit Red Wings,2005-06,82,58,16,0,8,124,54,.756,301,206,4,3.67,2.51,22.1,85.5,34.1,26.6,52.8
Washington Capitals,2015-16,82,56,18,0,8,120,52,.732,248,191,4,3.02,2.33,21.9,85.2,30.6,28.4,49.6
Washington Capitals,2009-10,82,54,15,0,13,121,49,.738,313,227,5,3.82,2.77,25.2,78.8,32.8,30.9,51.5
Boston Bruins,2013-14,82,54,19,0,9,117,51,.713,258,171,3,3.15,2.09,21.7,83.7,31.9,29.1,51.6
Vancouver Canucks,2010-11,82,54,19,0,9,117,50,.713,258,180,4,3.15,2.20,24.3,85.6,32.0,30.1,54.9
Anaheim Ducks,2013-14,82,54,20,0,8,116,51,.707,263,203,3,3.21,2.48,16.4,82.2,31.3,28.7,49.2
Detroit Red Wings,2007-08,82,54,21,0,7,115,49,.701,252,179,5,3.07,2.18,20.7,84.0,34.4,23.5,53.3
San Jose Sharks,2008-09,82,53,18,0,11,117,47,.713,251,199,6,3.06,2.43,24.2,83.3,33.2,27.2,53.8
Boston Bruins,2008-09,82,53,19,0,10,116,49,.707,270,190,4,3.29,2.32,23.6,82.3,30.3,30.8,51.0
New York Rangers,2014-15,82,53,22,0,7,113,49,.689,248,187,4,3.02,2.28,16.4,84.3,31.5,29.5,46.7
Buffalo Sabres,2006-07,82,53,22,0,7,113,43,.689,298,238,10,3.63,2.90,17.2,81.3,29.5,31.0,51.4
Dallas Stars,2005-06,82,53,23,0,6,112,41,.683,253,217,12,3.09,2.65,17.5,83.7,28.5,25.6,50.3
Colorado Avalanche,2000-01,82,52,16,10,4,118,0,.720,270,192,0,3.29,2.34,22.0,82.7,29.2,25.1,51.3
Ottawa Senators,2002-03,82,52,21,8,1,113,0,.689,263,182,0,3.21,2.22,21.2,84.9,29.8,24.8,47.1
Ottawa Senators,2005-06,82,52,21,0,9,113,50,.689,312,205,2,3.80,2.50,20.8,84.7,34.3,28.6,50.3
Chicago Blackhawks,2009-10,82,52,22,0,8,112,43,.683,262,203,9,3.20,2.48,18.0,85.3,34.1,25.1,52.4
Colorado Avalanche,2013-14,82,52,22,0,8,112,47,.683,245,216,5,2.99,2.63,19.4,80.7,29.5,32.7,49.5
Carolina Hurricanes,2005-06,82,52,22,0,8,112,44,.683,286,258,8,3.49,3.15,17.9,81.8,31.1,30.5,51.7
St. Louis Blues,2013-14,82,52,23,0,7,111,43,.677,239,188,9,2.91,2.29,19.4,85.7,29.3,26.4,51.9
Buffalo Sabres,2005-06,82,52,24,0,6,110,47,.671,276,234,5,3.37,2.85,20.8,86.6,30.6,30.5,49.7
Detroit Red Wings,2001-02,82,51,17,10,4,116,0,.707,251,187,0,3.06,2.28,20.1,86.0,31.0,26.3,51.4
San Jose Sharks,2009-10,82,51,20,0,11,113,44,.689,257,209,7,3.13,2.55,20.7,85.0,31.7,31.4,55.6
Detroit Red Wings,2008-09,82,51,21,0,10,112,45,.683,289,240,6,3.52,2.93,25.5,78.3,36.2,27.7,55.1
Vancouver Canucks,2011-12,82,51,22,0,9,111,43,.677,241,191,8,2.94,2.33,19.8,86.0,31.5,30.8,52.2
San Jose Sharks,2013-14,82,51,22,0,9,111,41,.677,239,193,10,2.91,2.35,17.2,84.9,34.8,27.8,52.8
Nashville Predators,2006-07,82,51,23,0,8,110,45,.671,266,207,6,3.24,2.52,17.4,85.8,27.6,31.2,50.3
Anaheim Ducks,2014-15,82,51,24,0,7,109,43,.665,228,221,8,2.78,2.70,15.7,81.0,30.0,28.9,51.6
St. Louis Blues,2014-15,82,51,24,0,7,109,42,.665,239,197,9,2.91,2.40,22.3,83.7,30.9,27.2,53.4
New York Rangers,2011-12,82,51,24,0,7,109,47,.665,222,182,4,2.71,2.22,15.7,86.2,28.5,27.8,49.9
Pittsburgh Penguins,2013-14,82,51,24,0,7,109,44,.665,242,204,7,2.95,2.49,23.4,85.0,29.9,28.8,51.0
Pittsburgh Penguins,2011-12,82,51,25,0,6,108,42,.659,273,218,9,3.33,2.66,19.4,87.8,33.9,27.4,50.4
San Jose Sharks,2006-07,82,51,26,0,5,107,49,.652,256,197,2,3.12,2.40,22.2,83.3,28.6,26.2,51.1
New Jersey Devils,2008-09,82,51,27,0,4,106,45,.646,238,207,6,2.90,2.52,18.9,79.9,32.9,29.5,51.3
Detroit Red Wings,2006-07,82,50,19,0,13,113,48,.689,252,191,2,3.07,2.33,17.1,84.5,33.8,24.6,53.6
Montréal Canadiens,2014-15,82,50,22,0,10,110,43,.671,214,184,7,2.61,2.24,16.0,83.7,28.5,30.1,52.1
Dallas Stars,2015-16,82,50,23,0,9,109,48,.665,265,228,2,3.23,2.78,22.1,82.3,32.0,28.9,50.2
Tampa Bay Lightning,2014-15,82,50,24,0,8,108,47,.659,259,206,3,3.16,2.51,18.4,83.7,29.6,27.9,49.7
Washington Capitals,2008-09,82,50,24,0,8,108,46,.659,268,240,4,3.27,2.93,24.9,80.6,33.5,29.5,51.7
Phoenix Coyotes,2009-10,82,50,25,0,7,107,36,.652,211,196,14,2.57,2.39,14.6,84.5,30.5,29.6,50.0
Dallas Stars,2006-07,82,50,25,0,7,107,41,.652,217,193,9,2.65,2.35,18.0,84.3,28.0,25.4,50.1
Detroit Red Wings,2000-01,82,49,20,9,4,111,0,.677,253,202,0,3.09,2.46,22.1,85.7,32.3,27.1,54.4
St. Louis Blues,2011-12,82,49,22,0,11,109,45,.665,206,155,4,2.51,1.89,16.7,85.8,30.6,26.7,50.4
San Jose Sharks,2007-08,82,49,23,0,10,108,43,.659,216,187,6,2.63,2.28,18.7,85.8,29.6,24.2,51.2
New Jersey Devils,2006-07,82,49,24,0,9,107,39,.652,206,193,10,2.51,2.35,17.7,85.2,28.7,28.4,49.0
St. Louis Blues,2015-16,82,49,24,0,9,107,44,.652,219,197,5,2.67,2.40,21.5,85.1,30.2,29.7,51.3
Nashville Predators,2005-06,82,49,25,0,8,106,43,.646,253,224,6,3.09,2.73,18.8,84.6,29.0,32.5,53.8
Pittsburgh Penguins,2010-11,82,49,25,0,8,106,39,.646,228,196,10,2.78,2.39,15.8,86.1,31.5,28.7,49.2
Vancouver Canucks,2006-07,82,49,26,0,7,105,44,.640,217,197,5,2.65,2.40,17.2,86.9,29.3,29.2,49.2
Vancouver Canucks,2009-10,82,49,28,0,5,103,45,.628,268,218,4,3.27,2.66,21.2,81.6,30.9,29.5,51.4
Boston Bruins,2011-12,82,49,29,0,4,102,40,.622,260,199,9,3.17,2.43,17.2,83.5,32.4,29.8,54.5
New Jersey Devils,2000-01,82,48,19,12,3,111,0,.677,295,195,0,3.60,2.38,22.9,84.7,31.6,24.7,49.4
Detroit Red Wings,2002-03,82,48,20,10,4,110,0,.671,269,203,0,3.28,2.48,23.8,85.4,29.8,28.8,52.2
Anaheim Ducks,2006-07,82,48,20,0,14,110,44,.671,254,198,4,3.10,2.41,22.1,85.1,31.5,27.4,51.8
Detroit Red Wings,2003-04,82,48,21,11,2,109,0,.665,255,189,0,3.11,2.30,19.7,86.8,30.3,26.2,52.5
Ottawa Senators,2000-01,82,48,21,9,4,109,0,.665,274,205,0,3.34,2.50,18.6,86.4,30.2,27.3,48.5
Washington Capitals,2010-11,82,48,23,0,11,107,43,.652,219,191,5,2.67,2.33,17.5,85.6,31.3,29.0,51.7
Dallas Stars,2000-01,82,48,24,8,2,106,0,.646,241,187,0,2.94,2.28,19.1,86.2,25.6,24.9,51.2
Ottawa Senators,2006-07,82,48,25,0,9,105,46,.640,286,216,2,3.49,2.63,17.9,84.5,32.3,30.2,50.3
San Jose Sharks,2010-11,82,48,25,0,9,105,43,.640,243,208,5,2.96,2.54,23.5,79.6,34.5,28.9,53.7
Pittsburgh Penguins,2015-16,82,48,26,0,8,104,44,.634,241,199,4,2.94,2.43,18.4,84.4,33.2,29.7,50.2
Nashville Predators,2011-12,82,48,26,0,8,104,43,.634,232,205,5,2.83,2.50,20.4,83.6,27.6,30.8,49.0
Minnesota Wild,2006-07,82,48,26,0,8,104,38,.634,225,184,10,2.74,2.24,18.9,86.0,29.6,28.8,47.6
New Jersey Devils,2009-10,82,48,27,0,7,103,42,.628,216,186,6,2.63,2.27,18.7,82.8,30.0,27.0,49.4
New Jersey Devils,2011-12,82,48,28,0,6,102,36,.622,216,205,12,2.63,2.50,16.9,89.6,27.5,26.8,47.1
Chicago Blackhawks,2014-15,82,48,28,0,6,102,39,.622,220,186,9,2.68,2.27,17.6,83.4,33.9,30.2,52.0
Detroit Red Wings,2011-12,82,48,28,0,6,102,39,.622,239,200,9,2.91,2.44,16.1,81.8,32.2,27.0,51.6
Los Angeles Kings,2015-16,82,48,28,0,6,102,46,.622,223,192,2,2.72,2.34,20.0,81.4,32.0,27.5,50.5
Vancouver Canucks,2014-15,82,48,29,0,5,101,42,.616,236,220,6,2.88,2.68,18.9,85.7,29.9,29.8,46.7
Philadelphia Flyers,2010-11,82,47,23,0,12,106,44,.646,256,216,3,3.12,2.63,16.6,82.7,31.8,30.1,50.3
Pittsburgh Penguins,2006-07,82,47,24,0,11,105,37,.640,267,240,10,3.26,2.93,20.3,82.1,28.9,30.9,47.0
Detroit Red Wings,2010-11,82,47,25,0,10,104,43,.634,257,237,4,3.13,2.89,22.6,82.3,33.6,30.7,51.9
Nashville Predators,2014-15,82,47,25,0,10,104,41,.634,226,202,6,2.76,2.46,16.2,80.8,31.9,28.3,48.9
Montréal Canadiens,2007-08,82,47,25,0,10,104,42,.634,257,216,5,3.13,2.63,24.3,82.5,29.1,31.6,49.0
Chicago Blackhawks,2015-16,82,47,26,0,9,103,46,.628,234,207,1,2.85,2.52,22.6,80.3,30.5,30.8,49.3
Philadelphia Flyers,2011-12,82,47,26,0,9,103,43,.628,260,225,4,3.17,2.74,19.7,81.8,32.2,28.4,48.3
Florida Panthers,2015-16,82,47,26,0,9,103,40,.628,232,200,7,2.83,2.44,16.9,79.5,28.8,29.5,50.1
Anaheim Ducks,2007-08,82,47,27,0,8,102,39,.622,197,184,8,2.40,2.24,16.6,83.1,27.3,28.0,50.2
Pittsburgh Penguins,2007-08,82,47,27,0,8,102,40,.622,240,212,7,2.93,2.59,20.4,81.0,27.7,30.8,46.1
Pittsburgh Penguins,2009-10,82,47,28,0,7,101,39,.616,249,235,8,3.04,2.87,16.9,84.1,32.8,28.7,49.3
New York Islanders,2014-15,82,47,28,0,7,101,40,.616,245,224,7,2.99,2.73,18.7,78.0,33.8,28.3,49.2
Nashville Predators,2009-10,82,47,29,0,6,100,39,.610,217,221,8,2.65,2.70,16.4,77.1,30.6,29.2,49.2
Anaheim Ducks,2010-11,82,47,30,0,5,99,43,.604,235,233,4,2.87,2.84,23.9,81.3,28.5,32.3,47.7
Dallas Stars,2002-03,82,46,17,15,4,111,0,.677,245,169,0,2.99,2.06,19.0,85.5,30.1,25.3,50.2
New Jersey Devils,2002-03,82,46,20,10,6,108,0,.659,216,166,0,2.63,2.02,11.9,87.9,31.7,23.6,50.7
Chicago Blackhawks,2013-14,82,46,21,0,15,107,40,.652,261,212,6,3.18,2.59,19.1,81.5,33.1,27.2,52.0
Tampa Bay Lightning,2003-04,82,46,22,8,6,106,0,.646,245,192,0,2.99,2.34,15.9,84.9,30.0,25.4,50.0
Chicago Blackhawks,2008-09,82,46,24,0,12,104,42,.634,260,209,4,3.17,2.55,19.3,80.6,32.7,28.6,48.1
Boston Bruins,2010-11,82,46,25,0,11,103,44,.628,244,189,2,2.98,2.30,16.2,82.6,32.9,32.7,51.9
Anaheim Ducks,2015-16,82,46,25,0,11,103,43,.628,215,188,3,2.62,2.29,23.1,87.2,30.3,27.5,51.9
Calgary Flames,2005-06,82,46,25,0,11,103,44,.628,216,193,2,2.63,2.35,18.0,84.3,28.0,27.6,50.4
Tampa Bay Lightning,2010-11,82,46,25,0,11,103,40,.628,241,234,6,2.94,2.85,20.5,83.8,31.8,28.7,50.4
Los Angeles Kings,2009-10,82,46,27,0,9,101,36,.616,231,211,10,2.82,2.57,20.5,80.3,29.1,27.6,50.6
New York Rangers,2015-16,82,46,27,0,9,101,43,.616,233,215,3,2.84,2.62,18.6,78.2,28.5,30.4,49.2
Tampa Bay Lightning,2013-14,82,46,27,0,9,101,38,.616,232,209,8,2.83,2.55,18.1,80.7,29.8,29.2,49.2
New Jersey Devils,2005-06,82,46,27,0,9,101,37,.616,233,225,9,2.84,2.74,17.5,81.9,29.2,29.3,49.5
Los Angeles Kings,2013-14,82,46,28,0,8,100,38,.610,198,168,8,2.41,2.05,14.8,83.1,31.6,26.2,52.8
Montréal Canadiens,2013-14,82,46,28,0,8,100,40,.610,209,201,6,2.55,2.45,16.5,85.1,28.4,31.0,49.6
Minnesota Wild,2014-15,82,46,28,0,8,100,42,.610,227,198,4,2.77,2.41,15.8,86.3,30.8,27.6,49.9
New Jersey Devils,2007-08,82,46,29,0,7,99,38,.604,198,193,8,2.41,2.35,15.6,82.8,28.8,27.5,50.4
Buffalo Sabres,2000-01,82,46,30,5,1,98,0,.598,218,184,0,2.66,2.24,15.8,88.0,26.9,26.8,50.0
San Jose Sharks,2015-16,82,46,30,0,6,98,42,.598,237,207,4,2.89,2.52,22.5,80.5,30.4,27.4,50.7
Calgary Flames,2008-09,82,46,30,0,6,98,43,.598,251,246,3,3.06,3.00,17.0,83.4,32.2,29.8,51.3
Los Angeles Kings,2010-11,82,46,30,0,6,98,36,.598,209,196,10,2.55,2.39,15.8,85.5,28.8,27.9,51.1
Tampa Bay Lightning,2015-16,82,46,31,0,5,97,43,.591,224,198,3,2.73,2.41,15.8,84.0,29.3,28.9,49.5
Philadelphia Flyers,2002-03,82,45,20,13,4,107,0,.652,211,166,0,2.57,2.02,14.3,85.2,30.9,24.6,52.2
Vancouver Canucks,2002-03,82,45,23,13,1,104,0,.634,264,208,0,3.22,2.54,20.8,84.1,29.1,26.6,49.8
Toronto Maple Leafs,2003-04,82,45,24,10,3,103,0,.628,242,204,0,2.95,2.49,20.1,83.4,27.5,26.4,52.1
Washington Capitals,2014-15,82,45,26,0,11,101,40,.616,237,199,5,2.89,2.43,25.3,81.2,29.5,28.9,51.2
Philadelphia Flyers,2005-06,82,45,26,0,11,101,41,.616,263,253,4,3.21,3.09,18.2,79.1,31.1,28.9,49.5
Chicago Blackhawks,2011-12,82,45,26,0,11,101,38,.616,241,231,7,2.94,2.82,15.2,78.1,31.5,28.6,50.5
Buffalo Sabres,2009-10,82,45,27,0,10,100,41,.610,231,201,4,2.82,2.45,17.6,86.6,31.6,31.4,48.6
New York Islanders,2015-16,82,45,27,0,10,100,40,.610,227,211,5,2.77,2.57,18.3,84.5,29.4,30.4,50.1
Vancouver Canucks,2008-09,82,45,27,0,10,100,42,.610,243,213,3,2.96,2.60,19.0,81.4,28.5,29.2,51.9
Colorado Avalanche,2001-02,82,45,28,8,1,99,0,.604,212,169,0,2.59,2.06,17.7,87.0,27.5,26.5,51.4
Pittsburgh Penguins,2008-09,82,45,28,0,9,99,39,.604,258,233,6,3.15,2.84,17.2,82.7,29.0,30.3,49.1
Carolina Hurricanes,2008-09,82,45,30,0,7,97,42,.591,236,221,3,2.88,2.70,18.4,80.4,32.6,29.5,51.3
Dallas Stars,2007-08,82,45,30,0,7,97,40,.591,237,204,5,2.89,2.49,18.4,85.6,26.7,26.1,50.4
Calgary Flames,2014-15,82,45,30,0,7,97,41,.591,237,213,4,2.89,2.60,18.0,80.6,27.5,29.2,47.4
New York Rangers,2013-14,82,45,31,0,6,96,41,.585,214,190,4,2.61,2.32,18.2,85.3,33.2,29.4,48.8
Detroit Red Wings,2009-10,82,44,24,0,14,102,38,.622,223,207,6,2.72,2.52,18.9,83.9,33.4,29.4,51.1
New York Rangers,2005-06,82,44,26,0,12,100,37,.610,250,211,7,3.05,2.57,18.9,83.7,29.9,28.8,47.5
San Jose Sharks,2005-06,82,44,27,0,11,99,43,.604,265,235,1,3.23,2.87,18.2,80.7,30.3,26.6,48.4
Philadelphia Flyers,2008-09,82,44,27,0,11,99,40,.604,260,232,4,3.17,2.83,22.5,83.0,29.8,32.5,48.3
San Jose Sharks,2001-02,82,44,27,8,3,99,0,.604,248,199,0,3.02,2.43,16.0,85.8,27.2,28.5,48.9
Nashville Predators,2010-11,82,44,27,0,11,99,38,.604,213,190,6,2.60,2.32,14.9,84.9,28.8,30.6,50.2
Toronto Maple Leafs,2002-03,82,44,28,7,3,98,0,.598,236,208,0,2.88,2.54,17.5,86.8,26.3,29.5,50.7
Minnesota Wild,2007-08,82,44,28,0,10,98,41,.598,220,210,3,2.68,2.56,18.9,85.2,27.0,30.1,47.3
Chicago Blackhawks,2010-11,82,44,29,0,9,97,38,.591,252,220,6,3.07,2.68,22.4,79.2,32.2,28.7,50.8
Montréal Canadiens,2010-11,82,44,30,0,8,96,41,.585,213,206,3,2.60,2.51,19.6,84.4,31.7,31.0,49.0
Colorado Avalanche,2006-07,82,44,31,0,7,95,39,.579,267,247,5,3.26,3.01,21.1,80.2,31.7,29.0,48.6
Colorado Avalanche,2007-08,82,44,31,0,7,95,37,.579,224,216,7,2.73,2.63,14.3,81.4,28.6,27.3,47.8
Ottawa Senators,2009-10,82,44,32,0,6,94,39,.573,220,233,5,2.68,2.84,16.9,84.3,29.7,28.5,49.3
New York Rangers,2010-11,82,44,33,0,5,93,35,.567,224,195,9,2.73,2.38,16.9,83.7,29.9,29.4,47.7
Tampa Bay Lightning,2006-07,82,44,33,0,5,93,34,.567,243,259,10,2.96,3.16,18.4,78.4,29.5,27.2,48.9
San Jose Sharks,2003-04,82,43,21,12,6,104,0,.634,219,183,0,2.67,2.23,16.6,85.3,28.0,28.9,48.4
St. Louis Blues,2000-01,82,43,22,12,5,103,0,.628,249,195,0,3.04,2.38,18.7,85.3,30.4,23.6,51.9
Ottawa Senators,2003-04,82,43,23,10,6,102,0,.622,262,189,0,3.20,2.30,21.3,83.6,29.5,24.9,47.1
Boston Bruins,2001-02,82,43,24,6,9,101,0,.616,236,201,0,2.88,2.45,13.8,87.1,31.7,25.1,47.9
Vancouver Canucks,2003-04,82,43,24,10,5,101,0,.616,235,194,0,2.87,2.37,15.0,86.0,29.0,26.6,51.2
Detroit Red Wings,2014-15,82,43,25,0,14,100,39,.610,231,211,4,2.82,2.57,23.5,80.9,29.6,28.3,51.5
New Jersey Devils,2003-04,82,43,25,12,2,100,0,.610,213,164,0,2.60,2.00,16.3,85.3,29.7,24.4,49.2
Toronto Maple Leafs,2001-02,82,43,25,10,4,100,0,.610,249,207,0,3.04,2.52,15.5,84.5,28.5,24.9,51.8
Philadelphia Flyers,2000-01,82,43,25,11,3,100,0,.610,240,207,0,2.93,2.52,15.7,82.5,29.9,26.1,50.3
Ottawa Senators,2014-15,82,43,26,0,13,99,37,.604,232,208,6,2.83,2.54,16.8,82.9,31.0,32.1,48.2
Phoenix Coyotes,2010-11,82,43,26,0,13,99,38,.604,226,220,5,2.76,2.68,15.9,78.4,30.3,32.6,51.5
Winnipeg Jets,2014-15,82,43,26,0,13,99,36,.604,223,204,7,2.72,2.49,17.5,81.8,29.7,28.7,48.9
Anaheim Ducks,2005-06,82,43,27,0,12,98,40,.598,251,222,3,3.06,2.71,18.1,83.5,31.5,29.6,50.7
Pittsburgh Penguins,2014-15,82,43,27,0,12,98,39,.598,217,204,4,2.65,2.49,19.3,84.8,31.6,29.3,49.1
Minnesota Wild,2013-14,82,43,27,0,12,98,35,.598,199,198,8,2.43,2.41,17.5,78.8,26.6,27.7,50.9
St. Louis Blues,2001-02,82,43,27,8,4,98,0,.598,227,188,0,2.77,2.29,17.4,85.2,29.0,22.5,49.9
Atlanta Thrashers,2006-07,82,43,28,0,11,97,36,.591,239,241,7,2.91,2.94,16.0,79.8,29.7,31.5,52.9
Buffalo Sabres,2010-11,82,43,29,0,10,96,38,.585,240,228,5,2.93,2.78,19.4,83.0,32.8,30.7,47.7
San Jose Sharks,2011-12,82,43,29,0,10,96,34,.585,219,205,9,2.67,2.50,20.7,76.9,33.8,28.6,53.3
Calgary Flames,2006-07,82,43,29,0,10,96,40,.585,255,221,3,3.11,2.70,17.9,80.4,27.3,30.5,48.4
Colorado Avalanche,2009-10,82,43,30,0,9,95,36,.579,237,228,7,2.89,2.78,18.1,80.2,27.9,32.1,47.7
Colorado Avalanche,2005-06,82,43,30,0,9,95,40,.579,280,251,3,3.41,3.06,18.8,84.6,30.0,29.5,48.1
New York Rangers,2008-09,82,43,30,0,9,95,33,.579,200,212,10,2.44,2.59,13.6,87.8,32.4,29.7,50.8
Ottawa Senators,2007-08,82,43,31,0,8,94,40,.573,258,242,3,3.15,2.95,18.3,81.0,30.1,30.0,51.7
Washington Capitals,2007-08,82,43,31,0,8,94,39,.573,238,227,4,2.90,2.77,18.8,80.5,31.0,27.5,51.2
Columbus Blue Jackets,2013-14,82,43,32,0,7,93,38,.567,226,214,5,2.76,2.61,19.3,82.1,29.6,30.8,51.6
Carolina Hurricanes,2007-08,82,43,33,0,6,92,41,.561,250,246,2,3.05,3.00,18.3,78.9,32.5,28.9,49.4
Tampa Bay Lightning,2005-06,82,43,33,0,6,92,37,.561,246,256,6,3.00,3.12,16.7,81.5,31.6,27.6,50.1
Colorado Avalanche,2002-03,82,42,19,13,8,105,0,.640,251,194,0,3.06,2.37,18.7,82.5,29.1,28.3,47.9
Phoenix Coyotes,2011-12,82,42,27,0,13,97,36,.591,210,194,6,2.56,2.37,13.5,85.5,29.6,31.6,50.1
New York Rangers,2007-08,82,42,27,0,13,97,34,.591,205,190,8,2.50,2.32,16.5,84.5,31.5,25.9,52.3
Philadelphia Flyers,2001-02,82,42,27,10,3,97,0,.591,234,192,0,2.85,2.34,12.7,86.3,29.8,26.1,49.9
Pittsburgh Penguins,2000-01,82,42,28,9,3,96,0,.585,281,256,0,3.43,3.12,20.0,80.7,29.2,29.2,46.7
New York Islanders,2001-02,82,42,28,8,4,96,0,.585,239,220,0,2.91,2.68,16.0,85.8,28.3,27.9,51.7
Philadelphia Flyers,2007-08,82,42,29,0,11,95,39,.579,245,227,3,2.99,2.77,22.1,83.2,28.8,31.8,49.3
Minnesota Wild,2002-03,82,42,29,10,1,95,0,.579,198,178,0,2.41,2.17,14.2,86.0,25.4,28.5,46.8
Dallas Stars,2010-11,82,42,29,0,11,95,37,.579,222,226,5,2.71,2.76,18.3,80.1,27.7,30.5,50.0
Calgary Flames,2007-08,82,42,30,0,10,94,39,.573,226,224,3,2.76,2.73,16.8,81.5,28.2,28.5,49.5
New York Rangers,2006-07,82,42,30,0,10,94,33,.573,233,211,9,2.84,2.57,18.5,83.8,31.5,28.4,49.9
Calgary Flames,2003-04,82,42,30,7,3,94,0,.573,200,176,0,2.44,2.15,14.8,84.7,27.4,25.5,50.7
Philadelphia Flyers,2013-14,82,42,30,0,10,94,39,.573,233,227,3,2.84,2.77,19.7,84.8,30.4,30.6,50.0
Vancouver Canucks,2001-02,82,42,30,7,3,94,0,.573,254,211,0,3.10,2.57,18.5,85.0,28.4,25.4,50.7
Montréal Canadiens,2005-06,82,42,31,0,9,93,40,.567,241,244,2,2.94,2.98,19.2,81.1,30.1,30.6,49.3
Boston Bruins,2015-16,82,42,31,0,9,93,38,.567,236,228,4,2.88,2.78,20.5,82.2,32.0,30.4,50.4
Vancouver Canucks,2005-06,82,42,32,0,8,92,38,.561,252,251,4,3.07,3.06,18.3,81.8,28.8,30.1,48.1
Washington Capitals,2011-12,82,42,32,0,8,92,38,.561,218,226,4,2.66,2.76,16.7,81.6,28.0,30.2,50.0
Anaheim Ducks,2008-09,82,42,33,0,7,91,35,.555,238,235,7,2.90,2.87,23.3,79.7,30.3,30.5,49.8
Montréal Canadiens,2006-07,82,42,34,0,6,90,36,.549,239,251,6,2.91,3.06,23.0,83.5,29.6,32.7,49.5
Dallas Stars,2011-12,82,42,35,0,5,89,35,.543,204,218,7,2.49,2.66,13.5,82.8,28.2,30.8,49.1
Los Angeles Kings,2005-06,82,42,35,0,5,89,36,.543,243,269,6,2.96,3.28,14.2,78.7,29.2,30.0,49.9
Columbus Blue Jackets,2014-15,82,42,35,0,5,89,33,.543,227,248,9,2.77,3.02,21.7,80.2,28.9,33.4,49.3
Boston Bruins,2003-04,82,41,19,15,7,104,0,.634,209,188,0,2.55,2.29,16.0,83.6,30.5,27.8,52.1
St. Louis Blues,2002-03,82,41,24,11,6,99,0,.604,253,222,0,3.09,2.71,20.5,81.7,28.1,25.0,49.0
Dallas Stars,2003-04,82,41,26,13,2,97,0,.591,194,175,0,2.37,2.13,15.8,85.8,26.8,23.2,51.4
Boston Bruins,2014-15,82,41,27,0,14,96,37,.585,209,201,4,2.55,2.45,17.8,82.0,31.0,29.9,53.6
Washington Capitals,2000-01,82,41,27,10,4,96,0,.585,233,211,0,2.84,2.57,21.0,84.1,28.6,27.7,55.2
Chicago Blackhawks,2001-02,82,41,27,13,1,96,0,.585,216,207,0,2.63,2.52,17.9,81.5,27.7,25.3,47.9
Nashville Predators,2015-16,82,41,27,0,14,96,37,.585,224,213,4,2.73,2.60,19.7,81.2,30.6,27.3,48.7
Philadelphia Flyers,2015-16,82,41,27,0,14,96,38,.585,211,210,3,2.57,2.56,18.9,80.5,31.0,30.7,51.0
Edmonton Oilers,2005-06,82,41,28,0,13,95,34,.579,249,242,7,3.04,2.95,17.7,84.1,29.8,25.5,53.4
New Jersey Devils,2001-02,82,41,28,9,4,95,0,.579,205,187,0,2.50,2.28,16.9,83.8,29.8,23.2,49.5
Boston Bruins,2007-08,82,41,29,0,12,94,35,.573,206,215,6,2.51,2.62,17.2,78.6,28.5,30.5,49.1
Calgary Flames,2010-11,82,41,29,0,12,94,32,.573,241,230,9,2.94,2.80,18.9,81.2,30.5,28.5,48.1
Montréal Canadiens,2008-09,82,41,30,0,11,93,34,.567,242,240,7,2.95,2.93,19.0,82.4,30.0,31.7,50.9
Detroit Red Wings,2015-16,82,41,30,0,11,93,39,.567,209,219,2,2.55,2.67,18.8,81.5,29.7,29.7,50.5
Florida Panthers,2008-09,82,41,30,0,11,93,38,.567,231,223,3,2.82,2.72,15.9,82.6,29.4,34.7,47.9
Montréal Canadiens,2003-04,82,41,30,7,4,93,0,.567,208,192,0,2.54,2.34,17.2,82.5,27.7,28.6,51.7
St. Louis Blues,2008-09,82,41,31,0,10,92,35,.561,227,227,6,2.77,2.77,20.5,83.8,27.7,28.5,49.1
Ottawa Senators,2011-12,82,41,31,0,10,92,35,.561,243,236,6,2.96,2.88,18.5,81.6,31.4,32.0,50.1
Columbus Blue Jackets,2008-09,82,41,31,0,10,92,35,.561,220,223,6,2.68,2.72,12.7,82.1,28.9,27.8,51.2
Dallas Stars,2014-15,82,41,31,0,10,92,37,.561,257,257,4,3.13,3.13,19.3,80.7,31.2,29.9,51.7
Buffalo Sabres,2008-09,82,41,32,0,9,91,33,.555,242,229,8,2.95,2.79,20.7,81.8,30.5,31.4,47.4
Nashville Predators,2007-08,82,41,32,0,9,91,38,.555,227,224,3,2.77,2.73,14.8,85.4,29.6,29.8,50.5
Toronto Maple Leafs,2005-06,82,41,33,0,8,90,38,.549,254,263,3,3.10,3.21,21.4,80.0,28.3,30.6,51.6
Atlanta Thrashers,2005-06,82,41,33,0,8,90,36,.549,276,270,5,3.37,3.29,18.8,79.2,30.8,30.3,50.1
Philadelphia Flyers,2009-10,82,41,35,0,6,88,37,.537,232,222,4,2.83,2.71,21.8,83.0,31.6,28.6,50.1
Colorado Avalanche,2011-12,82,41,35,0,6,88,32,.537,199,218,9,2.43,2.66,17.5,83.0,31.5,29.6,51.6
Edmonton Oilers,2007-08,82,41,35,0,6,88,26,.537,220,247,15,2.68,3.01,16.6,84.7,26.3,31.4,50.5
Philadelphia Flyers,2003-04,82,40,21,15,6,101,0,.616,229,186,0,2.79,2.27,20.7,83.3,29.4,25.5,50.3
Colorado Avalanche,2003-04,82,40,22,13,7,100,0,.610,236,198,0,2.88,2.41,20.4,83.8,29.4,28.4,50.0
Los Angeles Kings,2011-12,82,40,27,0,15,95,34,.579,188,170,6,2.29,2.07,16.9,87.0,30.6,27.4,51.5
Anaheim Ducks,2002-03,82,40,27,9,6,95,0,.579,203,193,0,2.48,2.35,16.1,87.4,27.4,29.0,55.2
Phoenix Coyotes,2001-02,82,40,27,9,6,95,0,.579,228,210,0,2.78,2.56,15.3,83.1,26.6,28.6,48.2
San Jose Sharks,2000-01,82,40,27,12,3,95,0,.579,217,192,0,2.65,2.34,14.0,86.2,27.6,26.5,48.3
Los Angeles Kings,2001-02,82,40,27,11,4,95,0,.579,214,190,0,2.61,2.32,20.7,86.6,25.7,25.0,51.2
Los Angeles Kings,2014-15,82,40,27,0,15,95,38,.579,218,197,2,2.66,2.40,19.0,80.9,30.9,27.0,51.3
New York Islanders,2006-07,82,40,30,0,12,92,32,.561,240,235,8,2.93,2.87,18.1,81.8,30.0,32.6,51.6
Toronto Maple Leafs,2006-07,82,40,31,0,11,91,36,.555,254,262,4,3.10,3.20,17.7,78.5,32.7,28.4,51.9
Dallas Stars,2013-14,82,40,31,0,11,91,36,.555,231,223,4,2.82,2.72,16.2,81.4,31.7,30.4,50.1
Carolina Hurricanes,2010-11,82,40,31,0,11,91,35,.555,231,234,5,2.82,2.85,15.6,81.3,30.7,33.2,44.6
Calgary Flames,2009-10,82,40,32,0,10,90,37,.549,201,203,3,2.45,2.48,16.0,82.3,28.7,28.9,48.0
St. Louis Blues,2009-10,82,40,32,0,10,90,33,.549,218,218,7,2.66,2.66,16.9,86.8,29.8,30.2,48.8
San Jose Sharks,2014-15,82,40,33,0,9,89,36,.543,224,226,4,2.73,2.76,20.9,78.5,31.6,29.7,51.9
Minnesota Wild,2008-09,82,40,33,0,9,89,35,.543,214,197,5,2.61,2.40,20.1,87.6,27.5,30.7,48.5
Chicago Blackhawks,2007-08,82,40,34,0,8,88,35,.537,234,231,5,2.85,2.82,15.6,82.1,28.0,28.6,52.3
Nashville Predators,2008-09,82,40,34,0,8,88,34,.537,207,228,6,2.52,2.78,15.7,82.5,29.0,29.4,52.2
Carolina Hurricanes,2006-07,82,40,34,0,8,88,40,.537,241,248,0,2.94,3.02,14.8,84.5,31.2,28.5,52.3
Ottawa Senators,2001-02,82,39,27,9,7,94,0,.573,243,208,0,2.96,2.54,16.6,84.4,30.1,25.9,50.1
Edmonton Oilers,2000-01,82,39,28,12,3,93,0,.567,243,222,0,2.96,2.71,14.8,83.8,26.2,26.1,51.1
Detroit Red Wings,2013-14,82,39,28,0,15,93,34,.567,217,221,5,2.65,2.70,17.4,83.0,30.0,29.3,50.7
Washington Capitals,2002-03,82,39,29,8,6,92,0,.561,224,220,0,2.73,2.68,17.2,81.3,27.1,29.9,49.2
St. Louis Blues,2003-04,82,39,30,11,2,91,0,.555,191,198,0,2.33,2.41,17.9,84.5,27.1,25.6,49.9
Boston Bruins,2009-10,82,39,30,0,13,91,29,.555,196,191,10,2.39,2.33,16.6,86.4,31.7,29.8,52.6
Buffalo Sabres,2007-08,82,39,31,0,12,90,35,.549,251,233,4,3.06,2.84,18.0,83.2,30.2,28.4,48.6
Colorado Avalanche,2014-15,82,39,31,0,12,90,29,.549,209,223,10,2.55,2.72,14.6,84.6,27.9,33.2,50.8
Buffalo Sabres,2011-12,82,39,32,0,11,89,32,.543,211,223,7,2.57,2.72,16.7,81.7,29.2,31.4,49.5
Anaheim Ducks,2009-10,82,39,32,0,11,89,34,.543,233,243,5,2.84,2.96,21.0,79.3,30.1,33.4,48.1
Vancouver Canucks,2007-08,82,39,33,0,10,88,33,.537,207,206,6,2.52,2.51,17.1,82.6,27.5,28.9,48.7
Montréal Canadiens,2009-10,82,39,33,0,10,88,32,.537,210,218,7,2.56,2.66,21.8,83.0,28.6,32.1,49.7
Minnesota Wild,2010-11,82,39,35,0,8,86,36,.524,203,228,3,2.48,2.78,17.8,82.8,26.2,32.0,50.7
Colorado Avalanche,2015-16,82,39,39,0,4,82,35,.500,212,240,4,2.59,2.93,18.0,80.2,28.6,32.3,49.9
Florida Panthers,2011-12,82,38,26,0,18,94,32,.573,197,216,6,2.40,2.63,18.5,79.5,29.7,30.5,50.6
Los Angeles Kings,2000-01,82,38,28,13,3,92,0,.561,252,228,0,3.07,2.78,19.3,81.2,27.9,26.3,50.7
Edmonton Oilers,2001-02,82,38,28,12,4,92,0,.561,205,182,0,2.50,2.22,15.3,85.6,27.5,25.9,50.4
Nashville Predators,2003-04,82,38,29,11,4,91,0,.555,216,217,0,2.63,2.65,17.1,81.8,27.2,28.5,48.9
New York Islanders,2003-04,82,38,29,11,4,91,0,.555,237,210,0,2.89,2.56,16.1,85.5,28.5,27.4,49.3
Florida Panthers,2014-15,82,38,29,0,15,91,30,.555,198,213,8,2.41,2.60,16.3,80.0,30.7,29.6,48.6
Washington Capitals,2013-14,82,38,30,0,14,90,28,.549,225,229,10,2.74,2.79,23.4,82.0,29.4,33.5,48.4
Nashville Predators,2013-14,82,38,32,0,12,88,36,.537,214,233,2,2.61,2.84,18.8,80.3,29.0,28.9,53.1
Carolina Hurricanes,2000-01,82,38,32,9,3,88,0,.537,212,225,0,2.59,2.74,18.8,87.2,27.0,26.9,54.9
St. Louis Blues,2010-11,82,38,33,0,11,87,34,.530,236,228,4,2.88,2.78,18.3,81.7,30.2,27.7,47.3
New York Rangers,2009-10,82,38,33,0,11,87,35,.530,219,214,3,2.67,2.61,18.3,84.3,29.6,29.9,49.2
Minnesota Wild,2015-16,82,38,33,0,11,87,35,.530,213,204,3,2.60,2.49,18.5,77.9,29.0,28.6,52.5
Edmonton Oilers,2008-09,82,38,35,0,9,85,32,.518,228,244,6,2.78,2.98,16.9,77.5,28.1,32.5,47.9
Florida Panthers,2007-08,82,38,35,0,9,85,33,.518,211,220,5,2.57,2.68,18.8,82.3,31.1,33.6,48.8
Ottawa Senators,2015-16,82,38,35,0,9,85,32,.518,230,241,6,2.80,2.94,15.8,75.8,28.4,32.8,50.6
Minnesota Wild,2009-10,82,38,36,0,8,84,33,.512,214,239,5,2.61,2.91,19.1,82.7,27.6,29.5,52.2
Toronto Maple Leafs,2013-14,82,38,36,0,8,84,29,.512,222,252,9,2.71,3.07,19.8,78.3,27.9,35.9,48.3
Tampa Bay Lightning,2011-12,82,38,36,0,8,84,35,.512,232,278,3,2.83,3.39,15.2,79.2,27.2,30.5,48.6
Minnesota Wild,2005-06,82,38,36,0,8,84,33,.512,226,212,5,2.76,2.59,16.8,87.4,26.8,30.0,48.3
New Jersey Devils,2015-16,82,38,36,0,8,84,36,.512,182,202,2,2.22,2.46,19.9,83.0,24.4,28.6,46.4
Phoenix Coyotes,2007-08,82,38,37,0,7,83,33,.506,209,225,5,2.55,2.74,18.6,80.7,30.5,30.7,48.6
Montréal Canadiens,2015-16,82,38,38,0,6,82,33,.500,216,233,5,2.63,2.84,16.2,81.9,30.5,29.4,50.3
Phoenix Coyotes,2005-06,82,38,39,0,5,81,34,.494,242,268,4,2.95,3.27,17.2,80.9,28.3,30.2,49.2
New Jersey Devils,2010-11,82,38,39,0,5,81,35,.494,171,207,3,2.09,2.52,13.9,83.4,28.6,26.2,51.2
Toronto Maple Leafs,2000-01,82,37,29,11,5,90,0,.549,232,207,0,2.83,2.52,16.1,85.0,27.8,27.4,52.8
Calgary Flames,2011-12,82,37,29,0,16,90,34,.549,199,217,3,2.43,2.65,16.9,84.3,27.5,30.8,46.2
Phoenix Coyotes,2013-14,82,37,30,0,15,89,31,.543,210,224,6,2.56,2.73,19.5,79.0,30.5,31.0,52.0
Ottawa Senators,2013-14,82,37,31,0,14,88,30,.537,229,258,7,2.79,3.15,18.8,80.9,32.8,34.7,51.2
Dallas Stars,2009-10,82,37,31,0,14,88,30,.537,230,244,7,2.80,2.98,18.6,77.4,30.8,31.2,48.1
Florida Panthers,2005-06,82,37,34,0,11,85,33,.518,236,252,4,2.88,3.07,15.6,82.3,33.2,34.8,50.7
Toronto Maple Leafs,2010-11,82,37,34,0,11,85,32,.518,213,245,5,2.60,2.99,15.9,77.5,28.8,31.0,50.4
Buffalo Sabres,2003-04,82,37,34,7,4,85,0,.518,220,221,0,2.68,2.70,15.5,84.8,28.1,28.5,50.2
Winnipeg Jets,2011-12,82,37,35,0,10,84,33,.512,221,242,4,2.70,2.95,17.9,80.1,30.1,30.1,49.0
Winnipeg Jets,2013-14,82,37,35,0,10,84,29,.512,219,231,8,2.67,2.82,15.4,83.2,30.7,30.1,46.9
Tampa Bay Lightning,2002-03,82,36,25,16,5,93,0,.567,219,210,0,2.67,2.56,17.9,82.6,29.2,28.0,50.2
Edmonton Oilers,2002-03,82,36,26,11,9,92,0,.561,231,230,0,2.82,2.80,14.5,82.6,28.0,27.4,51.1
Dallas Stars,2001-02,82,36,28,13,5,90,0,.549,215,213,0,2.62,2.60,17.1,81.5,28.5,26.0,52.8
Vancouver Canucks,2000-01,82,36,28,11,7,90,0,.549,239,238,0,2.91,2.90,17.1,80.9,29.7,25.9,46.9
Edmonton Oilers,2003-04,82,36,29,12,5,89,0,.543,221,208,0,2.70,2.54,13.0,81.1,28.4,26.5,50.9
Boston Bruins,2000-01,82,36,30,8,8,88,0,.537,227,249,0,2.77,3.04,16.4,82.8,28.8,26.7,49.2
Montréal Canadiens,2001-02,82,36,31,12,3,87,0,.530,207,209,0,2.52,2.55,14.9,86.3,25.5,31.7,52.8
Boston Bruins,2002-03,82,36,31,11,4,87,0,.530,245,237,0,2.99,2.89,18.1,82.7,32.1,28.3,49.6
Washington Capitals,2001-02,82,36,33,11,2,85,0,.518,228,240,0,2.78,2.93,19.4,82.2,28.0,28.7,53.3
Ottawa Senators,2008-09,82,36,35,0,11,83,32,.506,213,231,4,2.60,2.82,19.5,81.5,29.3,28.5,51.8
Toronto Maple Leafs,2007-08,82,36,35,0,11,83,33,.506,228,256,3,2.78,3.12,17.8,78.1,31.0,29.3,49.8
Dallas Stars,2008-09,82,36,35,0,11,83,30,.506,224,251,6,2.73,3.06,15.4,78.6,28.9,28.1,47.8
Vancouver Canucks,2013-14,82,36,35,0,11,83,31,.506,191,216,5,2.33,2.63,15.2,83.2,30.8,28.4,51.4
Carolina Hurricanes,2013-14,82,36,35,0,11,83,34,.506,205,226,2,2.50,2.76,14.6,81.7,31.2,30.9,52.6
New York Rangers,2001-02,82,36,38,4,4,80,0,.488,227,258,0,2.77,3.15,14.4,79.9,29.2,31.9,50.7
Phoenix Coyotes,2008-09,82,36,39,0,7,79,33,.482,205,249,3,2.50,3.04,14.5,76.8,28.1,31.6,44.8
New York Islanders,2005-06,82,36,40,0,6,78,27,.476,221,275,9,2.70,3.35,16.9,79.2,30.3,31.1,48.7
Chicago Blackhawks,2012-13,48,36,7,0,5,77,30,.802,149,97,6,3.10,2.02,16.7,87.2,31.1,26.2,50.8
Pittsburgh Penguins,2012-13,48,36,12,0,0,72,33,.750,162,119,3,3.38,2.48,23.5,79.6,30.0,29.2,51.5
Carolina Hurricanes,2001-02,82,35,26,16,5,91,0,.555,217,217,0,2.65,2.65,16.4,83.7,28.6,27.0,56.1
Phoenix Coyotes,2000-01,82,35,27,17,3,90,0,.549,214,212,0,2.61,2.59,16.6,85.2,25.1,29.6,49.8
New Jersey Devils,2013-14,82,35,29,0,18,88,35,.537,197,195,0,2.40,2.38,19.5,86.4,26.8,25.5,47.0
Florida Panthers,2006-07,82,35,31,0,16,86,33,.524,245,249,2,2.99,3.04,18.1,82.4,33.3,29.3,47.9
Carolina Hurricanes,2015-16,82,35,31,0,16,86,33,.524,196,221,2,2.39,2.70,16.8,84.3,29.9,27.6,53.7
Atlanta Thrashers,2009-10,82,35,34,0,13,83,31,.506,230,250,4,2.80,3.05,16.1,82.2,29.4,33.1,50.8
New York Islanders,2002-03,82,35,34,11,2,83,0,.506,224,231,0,2.73,2.82,15.1,83.5,29.6,28.3,51.1
Buffalo Sabres,2001-02,82,35,35,11,1,82,0,.500,213,200,0,2.60,2.44,13.1,86.5,28.0,25.9,47.4
Buffalo Sabres,2015-16,82,35,36,0,11,81,33,.494,199,215,2,2.43,2.62,18.9,82.6,29.5,30.6,49.4
Minnesota Wild,2011-12,82,35,36,0,11,81,24,.494,166,217,11,2.02,2.65,15.1,82.1,26.5,31.4,51.2
Carolina Hurricanes,2009-10,82,35,37,0,10,80,31,.488,226,251,4,2.76,3.06,16.6,80.6,29.3,31.4,48.1
Toronto Maple Leafs,2011-12,82,35,37,0,10,80,31,.488,227,259,4,2.77,3.16,18.4,77.3,28.3,30.8,51.7
New York Islanders,2007-08,82,35,38,0,9,79,30,.482,189,240,5,2.30,2.93,14.5,81.9,29.7,30.3,51.1
Winnipeg Jets,2015-16,82,35,39,0,8,78,32,.476,212,236,3,2.59,2.88,14.8,78.4,29.6,29.5,46.7
Arizona Coyotes,2015-16,82,35,39,0,8,78,34,.476,208,244,1,2.54,2.98,17.7,77.3,27.6,31.0,54.7
Calgary Flames,2015-16,82,35,40,0,7,77,33,.470,229,257,2,2.79,3.13,17.0,75.5,29.2,29.0,48.6
Calgary Flames,2013-14,82,35,40,0,7,77,28,.470,202,238,7,2.46,2.90,15.7,81.7,26.8,28.6,46.2
Boston Bruins,2006-07,82,35,41,0,6,76,26,.463,210,285,9,2.56,3.48,17.0,81.7,28.9,33.5,48.3
Atlanta Thrashers,2008-09,82,35,41,0,6,76,28,.463,250,279,7,3.05,3.40,19.3,76.0,28.1,32.7,51.2
Columbus Blue Jackets,2005-06,82,35,43,0,4,74,27,.451,215,276,8,2.62,3.37,14.2,81.8,27.4,33.7,49.4
St. Louis Blues,2006-07,82,34,35,0,13,81,28,.494,208,248,6,2.54,3.02,11.8,80.0,26.9,28.9,51.1
Columbus Blue Jackets,2010-11,82,34,35,0,13,81,29,.494,210,250,5,2.56,3.05,13.9,80.3,30.6,29.8,51.2
Toronto Maple Leafs,2008-09,82,34,35,0,13,81,28,.494,244,286,6,2.98,3.49,18.5,74.7,31.7,30.3,50.1
Anaheim Ducks,2011-12,82,34,36,0,12,80,31,.488,201,224,3,2.45,2.73,16.2,82.0,27.9,28.9,47.4
Columbus Blue Jackets,2007-08,82,34,36,0,12,80,31,.488,190,210,3,2.32,2.56,14.6,83.3,29.0,27.4,52.3
Atlanta Thrashers,2010-11,82,34,36,0,12,80,29,.488,218,262,5,2.66,3.20,18.3,77.5,31.5,32.2,48.7
Tampa Bay Lightning,2009-10,82,34,36,0,12,80,30,.488,213,253,4,2.60,3.09,19.3,80.0,28.9,31.4,51.5
Nashville Predators,2000-01,82,34,36,9,3,80,0,.488,186,200,0,2.27,2.44,13.6,85.2,26.6,28.6,48.4
New York Islanders,2013-14,82,34,37,0,11,79,25,.482,216,261,9,2.63,3.18,17.8,78.1,30.9,30.0,47.2
New York Islanders,2011-12,82,34,37,0,11,79,27,.482,196,251,7,2.39,3.06,18.5,80.5,29.4,30.1,48.0
New York Islanders,2009-10,82,34,37,0,11,79,26,.482,214,258,8,2.61,3.15,16.0,76.3,30.4,31.9,48.2
Los Angeles Kings,2008-09,82,34,37,0,11,79,29,.482,202,226,5,2.46,2.76,19.2,82.9,29.1,28.1,52.0
Atlanta Thrashers,2007-08,82,34,40,0,8,76,25,.463,207,266,9,2.52,3.24,16.1,78.8,25.8,33.9,51.8
Columbus Blue Jackets,2015-16,82,34,40,0,8,76,28,.463,213,248,6,2.60,3.02,17.3,81.0,29.1,31.1,49.0
Philadelphia Flyers,2014-15,82,33,31,0,18,84,30,.512,212,223,3,2.59,2.72,23.0,77.1,29.4,30.3,51.1
Carolina Hurricanes,2011-12,82,33,33,0,16,82,32,.500,212,237,1,2.59,2.89,16.3,80.5,30.5,32.4,50.7
St. Louis Blues,2007-08,82,33,36,0,13,79,30,.482,202,232,3,2.46,2.83,14.4,84.4,26.1,27.4,51.8
Los Angeles Kings,2002-03,82,33,37,6,6,78,0,.476,203,221,0,2.48,2.70,14.7,83.3,27.7,26.1,49.0
Atlanta Thrashers,2003-04,82,33,37,8,4,78,0,.476,214,243,0,2.61,2.96,14.9,85.2,26.1,29.4,46.7
Columbus Blue Jackets,2006-07,82,33,42,0,7,73,28,.445,196,244,5,2.39,2.98,14.8,81.2,27.7,28.6,50.1
New York Rangers,2000-01,82,33,43,5,1,72,0,.439,250,290,0,3.05,3.54,17.9,78.5,28.6,31.4,51.2
Columbus Blue Jackets,2009-10,82,32,35,0,15,79,30,.482,214,249,2,2.61,3.04,17.5,81.7,28.5,30.7,51.0
Calgary Flames,2001-02,82,32,35,12,3,79,0,.482,201,220,0,2.45,2.68,14.8,81.5,26.9,27.3,52.5
New York Rangers,2002-03,82,32,36,10,4,78,0,.476,210,231,0,2.56,2.82,15.9,81.2,30.1,29.6,53.3
New Jersey Devils,2014-15,82,32,36,0,14,78,27,.476,176,209,5,2.15,2.55,18.9,80.6,24.5,30.7,47.3
Florida Panthers,2009-10,82,32,37,0,13,77,26,.470,202,234,6,2.46,2.85,13.9,79.4,28.4,34.1,49.9
Ottawa Senators,2010-11,82,32,40,0,10,74,30,.451,190,245,2,2.32,2.99,17.1,83.7,29.0,31.2,50.8
Edmonton Oilers,2011-12,82,32,40,0,10,74,27,.451,207,232,5,2.52,2.83,20.6,82.4,26.7,30.7,47.7
Los Angeles Kings,2007-08,82,32,43,0,7,71,27,.433,226,263,5,2.76,3.21,17.4,78.0,28.6,32.0,47.8
Edmonton Oilers,2006-07,82,32,43,0,7,71,29,.433,192,245,3,2.34,2.99,14.2,84.5,26.7,29.7,51.5
Colorado Avalanche,2008-09,82,32,45,0,5,69,23,.421,190,253,9,2.32,3.09,15.7,79.9,28.8,29.0,47.8
Phoenix Coyotes,2002-03,82,31,35,11,5,78,0,.476,204,230,0,2.49,2.80,14.3,81.3,28.0,30.0,46.6
Montréal Canadiens,2011-12,82,31,35,0,16,78,26,.476,207,214,5,2.52,2.61,14.3,88.6,28.5,29.7,48.3
Vancouver Canucks,2015-16,82,31,38,0,13,75,26,.457,186,239,5,2.27,2.91,15.8,81.1,28.2,32.5,45.4
Atlanta Thrashers,2002-03,82,31,39,7,5,74,0,.451,226,284,0,2.76,3.46,17.3,81.7,26.4,31.6,45.9
Tampa Bay Lightning,2007-08,82,31,42,0,9,71,29,.433,221,266,2,2.70,3.24,19.3,82.0,28.7,28.2,49.7
Chicago Blackhawks,2006-07,82,31,42,0,9,71,25,.433,195,251,6,2.38,3.06,11.3,82.6,26.8,29.4,47.8
Edmonton Oilers,2015-16,82,31,43,0,8,70,27,.427,199,242,4,2.43,2.95,18.1,81.1,29.1,31.1,48.8
Phoenix Coyotes,2006-07,82,31,46,0,5,67,26,.409,211,282,5,2.57,3.44,16.3,78.3,28.3,30.1,52.7
Minnesota Wild,2003-04,82,30,29,20,3,83,0,.506,188,183,0,2.29,2.23,13.3,84.5,24.2,29.1,46.7
Chicago Blackhawks,2002-03,82,30,33,13,6,79,0,.482,207,226,0,2.52,2.76,12.7,84.8,27.8,28.6,50.1
Montréal Canadiens,2002-03,82,30,35,8,9,77,0,.470,206,234,0,2.51,2.85,14.0,81.7,25.8,32.7,52.7
Toronto Maple Leafs,2009-10,82,30,38,0,14,74,26,.451,210,263,4,2.56,3.21,13.7,74.7,32.6,29.8,50.8
New York Islanders,2010-11,82,30,39,0,13,73,26,.445,225,258,4,2.74,3.15,16.9,83.2,29.4,32.0,50.1
Florida Panthers,2010-11,82,30,40,0,12,72,26,.439,191,222,4,2.33,2.71,13.1,84.6,30.4,31.8,51.9
Carolina Hurricanes,2014-15,82,30,41,0,11,71,25,.433,183,219,5,2.23,2.67,18.3,84.7,30.8,27.3,53.0
Colorado Avalanche,2010-11,82,30,44,0,8,68,24,.415,221,287,6,2.70,3.50,18.5,76.1,29.2,31.8,50.6
Toronto Maple Leafs,2014-15,82,30,44,0,8,68,25,.415,206,257,5,2.51,3.13,15.9,80.5,29.2,33.5,49.0
Anaheim Ducks,2012-13,48,30,12,0,6,66,24,.688,134,115,6,2.79,2.40,21.5,81.5,28.1,27.9,47.5
Anaheim Ducks,2003-04,82,29,35,10,8,76,0,.463,184,213,0,2.24,2.60,18.1,84.7,29.7,29.8,55.3
Calgary Flames,2002-03,82,29,36,13,4,75,0,.457,186,228,0,2.27,2.78,12.1,83.3,28.5,27.1,53.9
Boston Bruins,2005-06,82,29,37,0,16,74,27,.451,228,258,2,2.78,3.15,14.8,83.7,30.6,32.1,52.0
Chicago Blackhawks,2000-01,82,29,40,8,5,71,0,.433,210,246,0,2.56,3.00,12.9,83.9,26.3,26.7,49.9
Washington Capitals,2005-06,82,29,41,0,12,70,22,.427,230,300,7,2.80,3.66,14.9,78.9,29.8,35.1,50.4
Toronto Maple Leafs,2015-16,82,29,42,0,11,69,23,.421,192,240,6,2.34,2.93,15.4,81.6,30.7,30.5,50.6
Anaheim Ducks,2001-02,82,29,42,8,3,69,0,.421,175,198,0,2.13,2.41,11.5,86.1,26.1,27.5,51.0
Columbus Blue Jackets,2002-03,82,29,42,8,3,69,0,.421,213,263,0,2.60,3.21,17.3,85.3,26.1,32.2,48.6
Edmonton Oilers,2013-14,82,29,44,0,9,67,25,.409,199,267,4,2.43,3.26,16.6,82.1,26.9,32.9,49.0
Florida Panthers,2013-14,82,29,45,0,8,66,21,.402,188,262,8,2.29,3.20,10.0,76.0,29.9,31.1,48.3
Columbus Blue Jackets,2011-12,82,29,46,0,7,65,25,.396,198,257,4,2.41,3.13,15.1,76.6,29.9,30.9,50.9
Montréal Canadiens,2012-13,48,29,14,0,5,63,26,.656,146,124,3,3.04,2.58,20.7,79.8,30.6,26.9,49.8
St. Louis Blues,2012-13,48,29,17,0,2,60,24,.625,124,114,5,2.58,2.38,18.8,84.7,27.8,24.2,50.7
Los Angeles Kings,2003-04,82,28,29,16,9,81,0,.494,205,217,0,2.50,2.65,14.0,80.7,28.6,27.0,51.1
Carolina Hurricanes,2003-04,82,28,34,14,6,76,0,.463,172,209,0,2.10,2.55,10.7,81.6,29.2,26.2,54.9
Florida Panthers,2003-04,82,28,35,15,4,75,0,.457,188,221,0,2.29,2.70,16.8,86.4,27.7,34.5,46.1
San Jose Sharks,2002-03,82,28,37,9,8,73,0,.445,214,239,0,2.61,2.91,18.1,81.0,28.1,29.2,50.3
Columbus Blue Jackets,2000-01,82,28,39,9,6,71,0,.433,190,233,0,2.32,2.84,14.4,80.7,25.4,30.2,50.5
Montréal Canadiens,2000-01,82,28,40,8,6,70,0,.427,206,232,0,2.51,2.83,16.1,82.2,26.2,28.0,49.5
Washington Capitals,2006-07,82,28,40,0,14,70,27,.427,234,275,1,2.85,3.35,16.4,80.2,28.0,33.3,49.8
Nashville Predators,2001-02,82,28,41,13,0,69,0,.421,196,230,0,2.39,2.80,14.2,85.9,24.6,28.2,46.9
Pittsburgh Penguins,2001-02,82,28,41,8,5,69,0,.421,198,249,0,2.41,3.04,14.0,83.8,27.0,29.2,47.1
Boston Bruins,2012-13,48,28,14,0,6,62,24,.646,127,106,4,2.65,2.21,13.9,87.1,32.4,28.6,56.4
Nashville Predators,2002-03,82,27,35,13,7,74,0,.451,183,206,0,2.23,2.51,13.9,82.7,28.2,27.5,48.5
Calgary Flames,2000-01,82,27,36,15,4,73,0,.445,197,236,0,2.40,2.88,14.5,79.9,27.2,27.1,51.6
Buffalo Sabres,2002-03,82,27,37,10,8,72,0,.439,190,219,0,2.32,2.67,14.4,85.4,28.6,28.0,50.1
Tampa Bay Lightning,2001-02,82,27,40,11,4,69,0,.421,178,219,0,2.17,2.67,15.1,85.3,26.6,30.8,47.0
New York Rangers,2003-04,82,27,40,7,8,69,0,.421,206,250,0,2.51,3.05,14.3,79.4,29.5,29.2,51.3
Los Angeles Kings,2006-07,82,27,41,0,14,68,23,.415,223,277,4,2.72,3.38,18.3,77.8,31.0,29.8,47.7
Pittsburgh Penguins,2002-03,82,27,44,6,5,65,0,.396,189,255,0,2.30,3.11,18.3,83.5,25.4,30.9,49.5
Edmonton Oilers,2009-10,82,27,47,0,8,62,19,.378,206,278,8,2.51,3.39,16.9,78.0,28.3,33.1,46.4
Los Angeles Kings,2012-13,48,27,16,0,5,59,25,.615,131,114,2,2.73,2.38,19.9,83.2,29.8,25.0,52.0
Washington Capitals,2012-13,48,27,18,0,3,57,24,.594,146,130,3,3.04,2.71,26.8,77.9,28.1,32.3,50.8
Minnesota Wild,2001-02,82,26,35,12,9,73,0,.445,195,238,0,2.38,2.90,14.7,82.9,23.8,28.0,48.5
Chicago Blackhawks,2005-06,82,26,43,0,13,65,24,.396,209,279,2,2.55,3.40,12.2,83.9,30.2,29.5,48.9
New York Islanders,2008-09,82,26,47,0,9,61,23,.372,198,274,3,2.41,3.34,16.6,79.8,28.9,33.5,45.7
Vancouver Canucks,2012-13,48,26,15,0,7,59,21,.615,122,115,5,2.54,2.40,15.8,84.0,28.1,28.9,47.6
Toronto Maple Leafs,2012-13,48,26,17,0,5,57,26,.594,145,128,0,3.02,2.67,18.7,87.9,26.3,32.3,50.1
New York Rangers,2012-13,48,26,18,0,4,56,22,.583,126,108,4,2.63,2.25,15.7,81.1,30.9,28.2,50.0
Minnesota Wild,2012-13,48,26,19,0,3,55,22,.573,118,125,4,2.46,2.60,17.9,80.7,28.8,27.1,52.5
Minnesota Wild,2000-01,82,25,39,13,5,68,0,.415,168,210,0,2.05,2.56,9.3,84.7,24.6,28.1,48.1
Anaheim Ducks,2000-01,82,25,41,11,5,66,0,.402,188,245,0,2.29,2.99,17.7,81.8,25.9,29.5,48.3
Columbus Blue Jackets,2003-04,82,25,45,8,4,62,0,.378,177,238,0,2.16,2.90,14.5,85.2,27.8,32.0,47.8
Edmonton Oilers,2010-11,82,25,45,0,12,62,23,.378,191,260,2,2.33,3.17,14.5,76.9,26.7,31.7,44.2
San Jose Sharks,2012-13,48,25,16,0,7,57,17,.594,116,112,8,2.42,2.33,19.5,85.0,31.8,29.0,53.4
Ottawa Senators,2012-13,48,25,17,0,6,56,21,.583,112,100,4,2.33,2.08,15.9,88.0,33.1,31.3,49.2
Florida Panthers,2002-03,82,24,36,13,9,70,0,.427,176,237,0,2.15,2.89,14.1,81.5,27.2,33.2,46.2
Tampa Bay Lightning,2008-09,82,24,40,0,18,66,21,.402,207,269,3,2.52,3.28,17.8,78.0,28.5,32.9,50.1
Edmonton Oilers,2014-15,82,24,44,0,14,62,19,.378,193,276,5,2.35,3.37,17.7,76.7,28.4,30.0,48.2
Tampa Bay Lightning,2000-01,82,24,47,6,5,59,0,.360,201,280,0,2.45,3.41,12.3,82.9,24.6,31.2,46.9
Arizona Coyotes,2014-15,82,24,50,0,8,56,19,.341,165,267,5,2.01,3.26,20.0,76.7,29.2,33.2,51.8
Detroit Red Wings,2012-13,48,24,16,0,8,56,22,.583,122,110,2,2.54,2.29,18.9,81.7,30.1,27.5,50.8
Columbus Blue Jackets,2012-13,48,24,17,0,7,55,19,.573,115,115,5,2.40,2.40,14.2,82.6,26.7,29.9,52.0
New York Islanders,2012-13,48,24,17,0,7,55,20,.573,135,136,4,2.81,2.83,19.9,80.3,30.9,28.2,49.7
Winnipeg Jets,2012-13,48,24,21,0,3,51,22,.531,126,141,2,2.63,2.94,13.8,79.7,28.9,29.7,48.9
Atlanta Thrashers,2000-01,82,23,45,12,2,60,0,.366,211,289,0,2.57,3.52,13.7,77.9,27.9,32.4,46.1
Washington Capitals,2003-04,82,23,46,10,3,59,0,.360,186,253,0,2.27,3.09,19.8,81.3,23.7,31.5,49.0
Pittsburgh Penguins,2003-04,82,23,47,8,4,58,0,.354,190,303,0,2.32,3.70,18.1,77.2,24.7,33.2,47.2
Buffalo Sabres,2014-15,82,23,51,0,8,54,15,.329,153,269,8,1.87,3.28,13.4,75.1,24.2,35.6,44.9
Philadelphia Flyers,2012-13,48,23,22,0,3,49,22,.510,132,139,1,2.75,2.90,21.6,85.9,29.0,28.6,48.5
Phoenix Coyotes,2003-04,82,22,36,18,6,68,0,.415,188,245,0,2.29,2.99,14.5,82.2,26.5,30.6,48.9
Florida Panthers,2000-01,82,22,38,13,9,66,0,.402,200,246,0,2.44,3.00,13.0,83.9,26.5,31.2,48.5
Carolina Hurricanes,2002-03,82,22,43,11,6,61,0,.372,171,240,0,2.09,2.93,13.3,81.9,29.4,28.4,52.9
Florida Panthers,2001-02,82,22,44,10,6,60,0,.366,180,250,0,2.20,3.05,14.7,80.7,26.9,32.5,46.1
Pittsburgh Penguins,2005-06,82,22,46,0,14,58,21,.354,243,310,1,2.96,3.78,19.0,78.8,28.0,33.2,45.9
Columbus Blue Jackets,2001-02,82,22,47,8,5,57,0,.348,164,255,0,2.00,3.11,14.0,83.0,25.0,30.1,50.0
Philadelphia Flyers,2006-07,82,22,48,0,12,56,21,.341,213,297,1,2.60,3.62,13.8,84.5,28.8,32.6,47.1
Dallas Stars,2012-13,48,22,22,0,4,48,20,.500,128,141,2,2.67,2.94,16.9,81.0,26.3,31.0,47.2
St. Louis Blues,2005-06,82,21,46,0,15,57,17,.348,193,284,4,2.35,3.46,14.6,82.2,28.5,30.6,50.6
Buffalo Sabres,2013-14,82,21,51,0,10,52,14,.317,150,243,7,1.83,2.96,14.4,81.4,26.3,34.3,46.8
New York Islanders,2000-01,82,21,51,7,3,52,0,.317,185,268,0,2.26,3.27,13.2,82.2,27.5,29.0,48.7
Phoenix Coyotes,2012-13,48,21,18,0,9,51,17,.531,121,125,4,2.52,2.60,15.4,79.9,30.9,30.6,52.0
Buffalo Sabres,2012-13,48,21,21,0,6,48,14,.500,118,139,7,2.46,2.90,14.1,79.2,27.9,33.5,46.2
Chicago Blackhawks,2003-04,82,20,43,11,8,59,0,.360,188,259,0,2.29,3.16,16.0,83.5,29.3,30.7,49.4
Atlanta Thrashers,2001-02,82,19,47,11,5,54,0,.329,187,288,0,2.28,3.51,12.1,81.8,24.2,35.5,46.3
New Jersey Devils,2012-13,48,19,19,0,10,48,17,.500,110,122,2,2.29,2.54,15.9,81.1,28.4,23.1,48.2
Edmonton Oilers,2012-13,48,19,22,0,7,45,17,.469,123,131,2,2.56,2.73,19.5,83.4,26.8,32.8,46.1
Carolina Hurricanes,2012-13,48,19,25,0,4,42,18,.438,127,159,1,2.65,3.31,13.9,77.6,32.2,32.2,50.2
Calgary Flames,2012-13,48,19,25,0,4,42,19,.438,128,157,0,2.67,3.27,18.7,81.5,26.9,29.4,46.6
Tampa Bay Lightning,2012-13,48,18,26,0,4,40,17,.417,147,147,1,3.06,3.06,19.0,80.6,27.6,30.2,51.2
Nashville Predators,2012-13,48,16,23,0,9,41,14,.427,109,133,2,2.27,2.77,16.4,75.5,25.9,27.8,49.7
Colorado Avalanche,2012-13,48,16,25,0,7,39,14,.406,114,150,2,2.38,3.13,15.0,80.3,29.5,31.4,51.1
Florida Panthers,2012-13,48,15,27,0,6,36,12,.375,109,170,3,2.27,3.54,20.4,74.2,29.2,31.3,49.4
